{
  "base": {
    "n": 298,
    "v5": 0.2516778523489933,
    "v3": 0.6510067114093959,
    "sb": 0.6610738255033557,
    "leak_p": 0.5517241379310345,
    "leak_r": 0.15384615384615385,
    "leak_f1": 0.2406015037593985
  },
  "v2": {
    "n": 298,
    "v5": 0.3624161073825503,
    "v3": 0.7416107382550335,
    "sb": 0.7550335570469798,
    "leak_p": 0.8604651162790697,
    "leak_r": 0.3557692307692308,
    "leak_f1": 0.5034013605442177
  },
  "v3": {
    "n": 298,
    "v5": 0.4228187919463087,
    "v3": 0.6711409395973155,
    "sb": 0.6778523489932886,
    "leak_p": 0.75,
    "leak_r": 0.14423076923076922,
    "leak_f1": 0.24193548387096775
  },
  "v4": {
    "n": 298,
    "v5": 0.5033557046979866,
    "v3": 0.7583892617449665,
    "sb": 0.7718120805369127,
    "leak_p": 0.86,
    "leak_r": 0.41346153846153844,
    "leak_f1": 0.5584415584415584
  },
  "v5": {
    "n": 298,
    "v5": 0.5536912751677853,
    "v3": 0.7651006711409396,
    "sb": 0.7919463087248322,
    "leak_p": 0.775,
    "leak_r": 0.5961538461538461,
    "leak_f1": 0.6739130434782609
  },
  "v6": {
    "n": 298,
    "v5": 0.6174496644295302,
    "v3": 0.7919463087248322,
    "sb": 0.8221476510067114,
    "leak_p": 0.8493150684931506,
    "leak_r": 0.5961538461538461,
    "leak_f1": 0.7005649717514123
  },
  "v7": {
    "n": 298,
    "v5": 0.5637583892617449,
    "v3": 0.7651006711409396,
    "sb": 0.7919463087248322,
    "leak_p": 0.7352941176470589,
    "leak_r": 0.7211538461538461,
    "leak_f1": 0.7281553398058251
  },
  "v8": {
    "n": 298,
    "v5": 0.5033557046979866,
    "v3": 0.7080536912751678,
    "sb": 0.7483221476510067,
    "leak_p": 0.6470588235294118,
    "leak_r": 0.6346153846153846,
    "leak_f1": 0.6407766990291263
  },
  "gpt4o": {
    "n": 298,
    "v5": 0.5234899328859061,
    "v3": 0.761744966442953,
    "sb": 0.7751677852348994,
    "leak_p": 0.9111111111111111,
    "leak_r": 0.3942307692307692,
    "leak_f1": 0.5503355704697986
  },
  "claude": {
    "n": 298,
    "v5": 0.5939597315436241,
    "v3": 0.7684563758389261,
    "sb": 0.785234899328859,
    "leak_p": 0.7452830188679245,
    "leak_r": 0.7596153846153846,
    "leak_f1": 0.7523809523809523
  }
}