{
  "v6": {
    "leak_p": 0.8493150684931506,
    "leak_r": 0.5961538461538461,
    "leak_f1": 0.7005649717514123,
    "safety_binary": 0.8221476510067114,
    "v5": 0.6174496644295302,
    "canary_fp": 0.125,
    "canary_n": 40
  },
  "v9": {
    "leak_p": 0.62,
    "leak_r": 0.8942307692307693,
    "leak_f1": 0.732283464566929,
    "safety_binary": 0.7718120805369127,
    "v5": 0.6375838926174496,
    "canary_fp": 0.6,
    "canary_n": 40
  },
  "accept": false
}