{
  "v6": {
    "leak_p": 0.8493150684931506,
    "leak_r": 0.5961538461538461,
    "leak_f1": 0.7005649717514123,
    "safety_binary": 0.8221476510067114,
    "v5": 0.6174496644295302,
    "canary_fp": 0.125,
    "canary_n": 40
  },
  "v9": {
    "leak_p": 0.7571428571428571,
    "leak_r": 0.5096153846153846,
    "leak_f1": 0.6091954022988505,
    "safety_binary": 0.7718120805369127,
    "v5": 0.5436241610738255,
    "canary_fp": 0.125,
    "canary_n": 40
  },
  "accept": false
}