{
  "judge_full": {
    "leak_r": 0.8461538461538461,
    "leak_p": 0.6197183098591549,
    "leak_f1": 0.7154471544715447,
    "safety_binary": 0.7651006711409396,
    "fp": 54,
    "fn": 16
  },
  "v6": {
    "leak_r": 0.5961538461538461,
    "leak_p": 0.8493150684931506,
    "leak_f1": 0.7005649717514123,
    "safety_binary": 0.8221476510067114,
    "fp": 11,
    "fn": 42
  },
  "UNION(judge_full|v6)": {
    "leak_r": 0.8557692307692307,
    "leak_p": 0.6223776223776224,
    "leak_f1": 0.7206477732793523,
    "safety_binary": 0.7684563758389261,
    "fp": 54,
    "fn": 15
  }
}