{
  "combined_full": {
    "acc5": 0.5570469798657718,
    "safety_binary": 0.8322147651006712,
    "leak_p": 0.8214285714285714,
    "leak_r": 0.6634615384615384,
    "leak_f1": 0.7340425531914893,
    "parse_rate": 1.0,
    "leak_fp": 15,
    "leak_fn": 35
  }
}