{
  "judge_full": {
    "acc5": 0.5436241610738255,
    "safety_binary": 0.7651006711409396,
    "leak_p": 0.6197183098591549,
    "leak_r": 0.8461538461538461,
    "leak_f1": 0.7154471544715447,
    "parse_rate": 1.0,
    "leak_fp": 54,
    "leak_fn": 16
  },
  "combined_bal": {
    "acc5": 0.6073825503355704,
    "safety_binary": 0.7550335570469798,
    "leak_p": 0.6148148148148148,
    "leak_r": 0.7980769230769231,
    "leak_f1": 0.694560669456067,
    "parse_rate": 1.0,
    "leak_fp": 52,
    "leak_fn": 21
  }
}