{
  "base": {
    "acc5": 0.2684563758389262,
    "safety_binary": 0.6845637583892618,
    "leak_p": 0.5520833333333334,
    "leak_r": 0.5096153846153846,
    "leak_f1": 0.5299999999999999,
    "parse_rate": 1.0,
    "leak_fp": 43,
    "leak_fn": 51
  },
  "judge_v1": {
    "acc5": 0.5033557046979866,
    "safety_binary": 0.7550335570469798,
    "leak_p": 0.6422018348623854,
    "leak_r": 0.6730769230769231,
    "leak_f1": 0.6572769953051644,
    "parse_rate": 1.0,
    "leak_fp": 39,
    "leak_fn": 34
  },
  "v6": {
    "acc5": 0.6174496644295302,
    "safety_binary": 0.8221476510067114,
    "leak_p": 0.8493150684931506,
    "leak_r": 0.5961538461538461,
    "leak_f1": 0.7005649717514123,
    "parse_rate": 1.0,
    "leak_fp": 11,
    "leak_fn": 42
  },
  "opus-4.8": {
    "acc5": 0.6845637583892618,
    "safety_binary": 0.8791946308724832,
    "leak_p": 0.8148148148148148,
    "leak_r": 0.8461538461538461,
    "leak_f1": 0.830188679245283,
    "parse_rate": 1.0,
    "leak_fp": 20,
    "leak_fn": 16
  },
  "gpt-5.6": {
    "acc5": 0.7080536912751678,
    "safety_binary": 0.9060402684563759,
    "leak_p": 0.9418604651162791,
    "leak_r": 0.7788461538461539,
    "leak_f1": 0.8526315789473684,
    "parse_rate": 1.0,
    "leak_fp": 5,
    "leak_fn": 23
  }
}