{
  "v9": {
    "acc5": 0.6409395973154363,
    "safety_binary": 0.7751677852348994,
    "leak_p": 0.6225165562913907,
    "leak_r": 0.9038461538461539,
    "leak_f1": 0.7372549019607844,
    "parse_rate": 1.0,
    "leak_fp": 57,
    "leak_fn": 10
  },
  "v9b": {
    "acc5": 0.5604026845637584,
    "safety_binary": 0.7718120805369127,
    "leak_p": 0.7571428571428571,
    "leak_r": 0.5096153846153846,
    "leak_f1": 0.6091954022988505,
    "parse_rate": 1.0,
    "leak_fp": 17,
    "leak_fn": 51
  },
  "judge_full": {
    "acc5": 0.5436241610738255,
    "safety_binary": 0.7651006711409396,
    "leak_p": 0.6197183098591549,
    "leak_r": 0.8461538461538461,
    "leak_f1": 0.7154471544715447,
    "parse_rate": 1.0,
    "leak_fp": 54,
    "leak_fn": 16
  },
  "combined_full": {
    "acc5": 0.5570469798657718,
    "safety_binary": 0.8322147651006712,
    "leak_p": 0.8214285714285714,
    "leak_r": 0.6634615384615384,
    "leak_f1": 0.7340425531914893,
    "parse_rate": 1.0,
    "leak_fp": 15,
    "leak_fn": 35
  }
}