{
  "base": {
    "acc5": 0.2684563758389262,
    "safety_binary": 0.6845637583892618,
    "leak_p": 0.5520833333333334,
    "leak_r": 0.5096153846153846,
    "leak_f1": 0.5299999999999999,
    "parse_rate": 1.0,
    "leak_fp": 43,
    "leak_fn": 51
  },
  "v9": {
    "acc5": 0.6409395973154363,
    "safety_binary": 0.7751677852348994,
    "leak_p": 0.6225165562913907,
    "leak_r": 0.9038461538461539,
    "leak_f1": 0.7372549019607844,
    "parse_rate": 1.0,
    "leak_fp": 57,
    "leak_fn": 10
  },
  "opus-4.8": {
    "acc5": 0.674496644295302,
    "safety_binary": 0.87248322147651,
    "leak_p": 0.8113207547169812,
    "leak_r": 0.8269230769230769,
    "leak_f1": 0.819047619047619,
    "parse_rate": 1.0,
    "leak_fp": 20,
    "leak_fn": 18
  },
  "gpt-5.5": {
    "acc5": 0.714765100671141,
    "safety_binary": 0.889261744966443,
    "leak_p": 0.927710843373494,
    "leak_r": 0.7403846153846154,
    "leak_f1": 0.8235294117647058,
    "parse_rate": 1.0,
    "leak_fp": 6,
    "leak_fn": 27
  }
}